X_Value,Y_Value
X_Value,Y_Value
-10.0,2.845565309968116
-9.0,-4.080083823051904
-8.0,1.0
-7.0,-3.912931182772389
-6.0,-4.81712059283214
-5.0,0.29002405332330294
-4.0,-1.5874010519681996
-3.0,-1.4422495703074083
-2.0,-6.259921049894873
-1.0,1.0
0.0,-2.0
1.0,5.0
2.0,-0.7400789501051268
3.0,6.442249570307409
4.0,-1.4125989480318004
5.0,-1.290024053323303
6.0,5.81712059283214
7.0,0.9129311827723892
8.0,-2.0
9.0,-2.919916176948096
10.0,6.154434690031884
