X_Value,Y_Value
-10.0,-3.154434690031884
-9.0,-3.080083823051904
-8.0,3.0
-7.0,-3.912931182772389
-6.0,-0.8171205928321397
-5.0,-1.709975946676697
-4.0,3.4125989480318006
-3.0,-6.442249570307409
-2.0,-1.2599210498948732
-1.0,0.0
0.0,-4.0
1.0,5.0
2.0,3.2599210498948734
3.0,-3.5577504296925917
4.0,0.5874010519681996
5.0,0.7099759466766971
6.0,-0.18287940716786033
7.0,-1.0870688172276108
8.0,3.0
9.0,6.080083823051904
10.0,3.154434690031884
