X_Value,Y_Value
-10.0,-2.154434690031884
-9.0,-2.080083823051904
-8.0,-2.0
-7.0,-1.9129311827723892
-6.0,-1.8171205928321397
-5.0,-1.709975946676697
-4.0,-1.5874010519681996
-3.0,-1.4422495703074083
-2.0,-1.2599210498948732
-1.0,-1.0
0.0,0.0
1.0,1.0
2.0,1.2599210498948732
3.0,1.4422495703074083
4.0,1.5874010519681996
5.0,1.709975946676697
6.0,1.8171205928321397
7.0,1.9129311827723892
8.0,2.0
9.0,2.080083823051904
