X_Value,Y_Value
-10.0,-7.154434690031884
-9.0,-5.080083823051904
-8.0,-5.0
-7.0,2.087068817227611
-6.0,-6.81712059283214
-5.0,1.290024053323303
-4.0,-6.587401051968199
-3.0,0.5577504296925917
-2.0,-3.2599210498948734
-1.0,-5.0
0.0,0.0
1.0,-3.0
2.0,0.2599210498948732
3.0,1.4422495703074083
4.0,6.587401051968199
5.0,1.709975946676697
6.0,-3.18287940716786
7.0,2.912931182772389
8.0,2.0
9.0,3.080083823051904
10.0,0.15443469003188381
