X_Value,Y_Value
-5.0,-1.709975946676697
-4.0,-1.5874010519681996
-3.0,-1.4422495703074083
-2.0,-1.2599210498948732
-1.0,-1.0
0.0,0.0
1.0,1.0
2.0,1.2599210498948732
3.0,1.4422495703074083
4.0,1.5874010519681996
5.0,1.709975946676697
